<application>
  <component name="libraryTable">
    <library name="Bundled Protobuf Distribution">
      <CLASSES />
      <JAVADOC />
      <SOURCES>
        <root url="jar://$APPLICATION_PLUGINS_DIR$/protobuf-jetbrains-plugin/lib/protobuf-java-3.6.1-sources.jar!/" />
      </SOURCES>
    </library>
    <library name="Python 2.7 (python2.7.16-vulcan) interpreter library">
      <CLASSES>
        <root url="file://$USER_HOME$/python2.7.16-vulcan/lib/python2.7" />
        <root url="file://$USER_HOME$/python2.7.16-vulcan/lib/python2.7/lib-dynload" />
        <root url="file:///usr/local/Cellar/python@2/2.7.16/Frameworks/Python.framework/Versions/2.7/lib/python2.7" />
        <root url="file:///usr/local/Cellar/python@2/2.7.16/Frameworks/Python.framework/Versions/2.7/lib/python2.7/plat-darwin" />
        <root url="file:///usr/local/Cellar/python@2/2.7.16/Frameworks/Python.framework/Versions/2.7/lib/python2.7/lib-tk" />
        <root url="file:///usr/local/Cellar/python@2/2.7.16/Frameworks/Python.framework/Versions/2.7/lib/python2.7/plat-mac" />
        <root url="file:///usr/local/Cellar/python@2/2.7.16/Frameworks/Python.framework/Versions/2.7/lib/python2.7/plat-mac/lib-scriptpackages" />
        <root url="file://$USER_HOME$/python2.7.16-vulcan/lib/python2.7/site-packages" />
        <root url="file://$USER_HOME$/Library/Caches/IntelliJIdea2019.1/python_stubs/821503777" />
        <root url="file://$APPLICATION_PLUGINS_DIR$/python/helpers/python-skeletons" />
        <root url="file://$APPLICATION_PLUGINS_DIR$/python/helpers/typeshed/stdlib/2" />
        <root url="file://$APPLICATION_PLUGINS_DIR$/python/helpers/typeshed/stdlib/2and3" />
        <root url="file://$APPLICATION_PLUGINS_DIR$/python/helpers/typeshed/third_party/2" />
        <root url="file://$APPLICATION_PLUGINS_DIR$/python/helpers/typeshed/third_party/2and3" />
      </CLASSES>
      <JAVADOC />
      <SOURCES>
        <root url="file://$USER_HOME$/python2.7.16-vulcan/lib/python2.7" />
        <root url="file://$USER_HOME$/python2.7.16-vulcan/lib/python2.7/lib-dynload" />
        <root url="file:///usr/local/Cellar/python@2/2.7.16/Frameworks/Python.framework/Versions/2.7/lib/python2.7" />
        <root url="file:///usr/local/Cellar/python@2/2.7.16/Frameworks/Python.framework/Versions/2.7/lib/python2.7/plat-darwin" />
        <root url="file:///usr/local/Cellar/python@2/2.7.16/Frameworks/Python.framework/Versions/2.7/lib/python2.7/lib-tk" />
        <root url="file:///usr/local/Cellar/python@2/2.7.16/Frameworks/Python.framework/Versions/2.7/lib/python2.7/plat-mac" />
        <root url="file:///usr/local/Cellar/python@2/2.7.16/Frameworks/Python.framework/Versions/2.7/lib/python2.7/plat-mac/lib-scriptpackages" />
        <root url="file://$USER_HOME$/python2.7.16-vulcan/lib/python2.7/site-packages" />
        <root url="file://$USER_HOME$/Library/Caches/IntelliJIdea2019.1/python_stubs/821503777" />
        <root url="file://$APPLICATION_PLUGINS_DIR$/python/helpers/python-skeletons" />
        <root url="file://$APPLICATION_PLUGINS_DIR$/python/helpers/typeshed/stdlib/2" />
        <root url="file://$APPLICATION_PLUGINS_DIR$/python/helpers/typeshed/stdlib/2and3" />
        <root url="file://$APPLICATION_PLUGINS_DIR$/python/helpers/typeshed/third_party/2" />
        <root url="file://$APPLICATION_PLUGINS_DIR$/python/helpers/typeshed/third_party/2and3" />
      </SOURCES>
    </library>
    <library name="Python 2.7 (sem-workflows) interpreter library">
      <CLASSES>
        <root url="file://$USER_HOME$/Workspaces/sem-workflows/airflow/venv/lib/python2.7" />
        <root url="file://$USER_HOME$/Workspaces/sem-workflows/airflow/venv/lib/python2.7/lib-dynload" />
        <root url="file:///usr/local/Cellar/python@2/2.7.16/Frameworks/Python.framework/Versions/2.7/lib/python2.7" />
        <root url="file:///usr/local/Cellar/python@2/2.7.16/Frameworks/Python.framework/Versions/2.7/lib/python2.7/plat-darwin" />
        <root url="file:///usr/local/Cellar/python@2/2.7.16/Frameworks/Python.framework/Versions/2.7/lib/python2.7/lib-tk" />
        <root url="file:///usr/local/Cellar/python@2/2.7.16/Frameworks/Python.framework/Versions/2.7/lib/python2.7/plat-mac" />
        <root url="file:///usr/local/Cellar/python@2/2.7.16/Frameworks/Python.framework/Versions/2.7/lib/python2.7/plat-mac/lib-scriptpackages" />
        <root url="file://$USER_HOME$/Workspaces/sem-workflows/airflow/venv/lib/python2.7/site-packages" />
        <root url="file://$USER_HOME$/Library/Caches/IntelliJIdea2019.2/python_stubs/1166031377" />
        <root url="file://$APPLICATION_PLUGINS_DIR$/python/helpers/python-skeletons" />
        <root url="file://$APPLICATION_PLUGINS_DIR$/python/helpers/typeshed/stdlib/2" />
        <root url="file://$APPLICATION_PLUGINS_DIR$/python/helpers/typeshed/stdlib/2and3" />
        <root url="file://$APPLICATION_PLUGINS_DIR$/python/helpers/typeshed/third_party/2" />
        <root url="file://$APPLICATION_PLUGINS_DIR$/python/helpers/typeshed/third_party/2and3" />
      </CLASSES>
      <JAVADOC />
      <SOURCES>
        <root url="file://$USER_HOME$/Workspaces/sem-workflows/airflow/venv/lib/python2.7" />
        <root url="file://$USER_HOME$/Workspaces/sem-workflows/airflow/venv/lib/python2.7/lib-dynload" />
        <root url="file:///usr/local/Cellar/python@2/2.7.16/Frameworks/Python.framework/Versions/2.7/lib/python2.7" />
        <root url="file:///usr/local/Cellar/python@2/2.7.16/Frameworks/Python.framework/Versions/2.7/lib/python2.7/plat-darwin" />
        <root url="file:///usr/local/Cellar/python@2/2.7.16/Frameworks/Python.framework/Versions/2.7/lib/python2.7/lib-tk" />
        <root url="file:///usr/local/Cellar/python@2/2.7.16/Frameworks/Python.framework/Versions/2.7/lib/python2.7/plat-mac" />
        <root url="file:///usr/local/Cellar/python@2/2.7.16/Frameworks/Python.framework/Versions/2.7/lib/python2.7/plat-mac/lib-scriptpackages" />
        <root url="file://$USER_HOME$/Workspaces/sem-workflows/airflow/venv/lib/python2.7/site-packages" />
        <root url="file://$USER_HOME$/Library/Caches/IntelliJIdea2019.2/python_stubs/1166031377" />
        <root url="file://$APPLICATION_PLUGINS_DIR$/python/helpers/python-skeletons" />
        <root url="file://$APPLICATION_PLUGINS_DIR$/python/helpers/typeshed/stdlib/2" />
        <root url="file://$APPLICATION_PLUGINS_DIR$/python/helpers/typeshed/stdlib/2and3" />
        <root url="file://$APPLICATION_PLUGINS_DIR$/python/helpers/typeshed/third_party/2" />
        <root url="file://$APPLICATION_PLUGINS_DIR$/python/helpers/typeshed/third_party/2and3" />
      </SOURCES>
    </library>
    <library name="scala-sdk-2.11.7" type="Scala">
      <properties>
        <compiler-classpath>
          <root url="file://$MAVEN_REPOSITORY$/org/scala-lang/scala-compiler/2.11.7/scala-compiler-2.11.7.jar" />
          <root url="file://$MAVEN_REPOSITORY$/org/scala-lang/scala-library/2.11.7/scala-library-2.11.7.jar" />
          <root url="file://$MAVEN_REPOSITORY$/org/scala-lang/scala-reflect/2.11.7/scala-reflect-2.11.7.jar" />
        </compiler-classpath>
      </properties>
      <CLASSES>
        <root url="jar://$MAVEN_REPOSITORY$/org/scala-lang/scala-library/2.11.7/scala-library-2.11.7.jar!/" />
        <root url="jar://$MAVEN_REPOSITORY$/org/scala-lang/scala-reflect/2.11.7/scala-reflect-2.11.7.jar!/" />
        <root url="jar://$MAVEN_REPOSITORY$/org/scala-lang/scala-library/2.11.7/scala-library-2.11.7-sources.jar!/" />
        <root url="jar://$MAVEN_REPOSITORY$/org/scala-lang/scala-reflect/2.11.7/scala-reflect-2.11.7-sources.jar!/" />
      </CLASSES>
      <JAVADOC>
        <root url="jar://$MAVEN_REPOSITORY$/org/scala-lang/scala-library/2.11.7/scala-library-2.11.7-javadoc.jar!/" />
        <root url="jar://$MAVEN_REPOSITORY$/org/scala-lang/scala-reflect/2.11.7/scala-reflect-2.11.7-javadoc.jar!/" />
      </JAVADOC>
      <SOURCES />
    </library>
  </component>
</application>