<application>
  <component name="FileTypeManager" version="17">
    <extensionMap>
      <mapping pattern="*.js.flow" type="Flow" />
      <mapping pattern="*.js.flow" type="Flow" />
      <mapping pattern="hosts" type="Ini" />
      <mapping ext="avsc" type="JSON" />
      <mapping ext="gradle.kts" type="Kotlin" />
      <mapping pattern="testInput2" type="PLAIN_TEXT" />
      <mapping pattern="part-00005" type="PLAIN_TEXT" />
      <mapping pattern="Notes on backfill" type="PLAIN_TEXT" />
      <mapping pattern=".part-00000.crc" type="PLAIN_TEXT" />
      <mapping pattern="part-00081" type="PLAIN_TEXT" />
      <mapping pattern="ssh_config" type="PLAIN_TEXT" />
      <mapping pattern="part-00017" type="PLAIN_TEXT" />
      <mapping pattern="part-00019" type="PLAIN_TEXT" />
      <mapping pattern="part-00018" type="PLAIN_TEXT" />
      <mapping pattern="spec_failures" type="PLAIN_TEXT" />
      <mapping pattern="part-00016" type="PLAIN_TEXT" />
      <mapping pattern="part-00015" type="PLAIN_TEXT" />
      <mapping pattern="part-00014" type="PLAIN_TEXT" />
      <mapping pattern="part-00013" type="PLAIN_TEXT" />
      <mapping pattern="part-00012" type="PLAIN_TEXT" />
      <mapping pattern="part-00011" type="PLAIN_TEXT" />
      <mapping pattern="part-00010" type="PLAIN_TEXT" />
      <mapping pattern=".part-00026.crc" type="PLAIN_TEXT" />
      <mapping pattern="locale to lcid" type="PLAIN_TEXT" />
      <mapping pattern="conf-out" type="PLAIN_TEXT" />
      <mapping pattern="Rule" type="PLAIN_TEXT" />
      <mapping pattern="part-00009" type="PLAIN_TEXT" />
      <mapping pattern="part-00008" type="PLAIN_TEXT" />
      <mapping pattern="part-00007" type="PLAIN_TEXT" />
      <mapping pattern="part-00006" type="PLAIN_TEXT" />
      <mapping pattern="part-00004" type="PLAIN_TEXT" />
      <mapping pattern="part-00003" type="PLAIN_TEXT" />
      <mapping pattern="part-00002" type="PLAIN_TEXT" />
      <mapping pattern="part-00001" type="PLAIN_TEXT" />
      <mapping pattern="part-00000" type="PLAIN_TEXT" />
      <mapping pattern="unparsable_json" type="PLAIN_TEXT" />
      <mapping pattern="acs-out" type="PLAIN_TEXT" />
      <mapping pattern="testInput" type="PLAIN_TEXT" />
      <mapping pattern="expectedOutput" type="PLAIN_TEXT" />
      <mapping pattern="_SUCCESS" type="PLAIN_TEXT" />
      <mapping ext="stacktrace" type="PLAIN_TEXT" />
      <mapping ext="mockmaker" type="PLAIN_TEXT" />
      <mapping ext="jks" type="PLAIN_TEXT" />
      <mapping ext="dot" type="PLAIN_TEXT" />
      <removed_mapping ext="cmd" approved="true" type="PLAIN_TEXT" />
      <removed_mapping ext="bat" approved="true" type="PLAIN_TEXT" />
      <removed_mapping ext="log" approved="true" type="PLAIN_TEXT" />
      <mapping pattern=".gitcloneenv" type="Shell Script" />
      <removed_mapping ext="bat" approved="true" type="PLAIN_TEXT" />
      <removed_mapping ext="log" approved="true" type="PLAIN_TEXT" />
      <removed_mapping ext="dockerfile" approved="true" type="textmate" />
      <removed_mapping ext="makefile" approved="true" type="textmate" />
      <removed_mapping ext="cmd" approved="true" type="PLAIN_TEXT" />
      <removed_mapping ext="snakefile" approved="true" type="textmate" />
      <mapping pattern=".gitignore_global" type="Git file" />
    </extensionMap>
  </component>
</application>