<application>
  <component name="LanguageInjectionConfiguration">
    <injection language="JSON" injector-id="java">
      <display-name>Builder.Builder (io.searchbox.indices.mapping.PutMapping)</display-name>
      <place><![CDATA[psiParameter().ofMethod(2, psiMethod().withName("Builder").withParameters("java.lang.String", "java.lang.String", "java.lang.Object").definedInClass("io.searchbox.indices.mapping.PutMapping.Builder"))]]></place>
    </injection>
    <injection language="JSON" injector-id="java">
      <display-name>SqsClient.send (com.expedia.www.sem.url.healbot.support)</display-name>
      <place><![CDATA[psiParameter().ofMethod(0, psiMethod().withName("send").withParameters("java.lang.String").definedInClass("com.expedia.www.sem.url.healbot.support.SqsClient"))]]></place>
    </injection>
  </component>
</application>